{"Version":2,"SourceFileDate":133929118780808186,"Flags":["FL_BITMAP_COMPRESSION","FL_BITMAP_MIPMAP","FL_BITMAP_QUALITY_HIGH","FL_BITMAP_PRECOMPUTED_INV_AVG"],"InvAvgColor":[1.0939004421234131,1.8115682601928711,35.577068328857422],"HasTransp":true}